{
  "project_info": {
    "project_number": "755831948624",
    "project_id": "fir-demo-ef4f3",
    "storage_bucket": "fir-demo-ef4f3.appspot.com"
  },
  "client": [
    {
      "client_info": {
        "mobilesdk_app_id": "1:755831948624:android:4e9dfb67844958c129d855",
        "android_client_info": {
          "package_name": "com.example.firebasedemo"
        }
      },
      "oauth_client": [],
      "api_key": [
        {
          "current_key": "AIzaSyAYDoE9TyqHRT2XA-Zw9Yos7BInjPS4GEU"
        }
      ],
      "services": {
        "appinvite_service": {
          "other_platform_oauth_client": []
        }
      }
    },
    {
      "client_info": {
        "mobilesdk_app_id": "1:755831948624:android:7ffba39a21da75a829d855",
        "android_client_info": {
          "package_name": "com.example.myapplication"
        }
      },
      "oauth_client": [],
      "api_key": [
        {
          "current_key": "AIzaSyAYDoE9TyqHRT2XA-Zw9Yos7BInjPS4GEU"
        }
      ],
      "services": {
        "appinvite_service": {
          "other_platform_oauth_client": []
        }
      }
    }
  ],
  "configuration_version": "1"
}